idx,year,race,location,type_simple,DemPredFinal,RepPredFinal,DemShareAct,RepShareAct
1,1998,1998_Gov-G_AL,AL,Gov-G,0.5799998235695255,0.4200001764304745,0.5781563126252505,0.4218436873747495
2,1998,1998_Gov-G_AR,AR,Gov-G,0.3626373626373626,0.6373626373626373,0.39289340101522846,0.6071065989847716
3,1998,1998_Gov-G_AZ,AZ,Gov-G,0.40152643896423584,0.5984735610357642,0.36787564766839376,0.6321243523316062
4,1998,1998_Gov-G_CA,CA,Gov-G,0.5675057998378145,0.43249420016218554,0.6016597510373444,0.3983402489626556
5,1998,1998_Gov-G_CO,CO,Gov-G,0.4783463324297529,0.521653667570247,0.4964102564102564,0.5035897435897436
6,1998,1998_Gov-G_CT,CT,Gov-G,0.30501423294804586,0.6949857670519541,0.36012207527975587,0.6398779247202442
7,1998,1998_Gov-G_FL,FL,Gov-G,0.424525527109741,0.5754744728902591,0.447,0.5529999999999999
8,1998,1998_Gov-G_GA,GA,Gov-G,0.46850685448634793,0.531493145513652,0.5440414507772021,0.45595854922279794
9,1998,1998_Gov-G_HI,HI,Gov-G,0.4449607712454803,0.5550392287545196,0.506572295247725,0.493427704752275
10,1998,1998_Gov-G_IA,IA,Gov-G,0.478870094323071,0.5211299056769291,0.5293522267206477,0.47064777327935226
11,1998,1998_Gov-G_IL,IL,Gov-G,0.4169561544669301,0.5830438455330699,0.48223350253807107,0.5177664974619289
12,1998,1998_Gov-G_KS,KS,Gov-G,0.22105263157894736,0.7789473684210526,0.23621227887617063,0.7637877211238293
13,1998,1998_Gov-G_MA,MA,Gov-G,0.44878182956436374,0.5512181704356363,0.4826883910386966,0.5173116089613035
14,1998,1998_Gov-G_MD,MD,Gov-G,0.5131234612511785,0.4868765387488215,0.5515515515515516,0.4484484484484484
15,1998,1998_Gov-G_MI,MI,Gov-G,0.38196414264322065,0.6180358573567792,0.37799999999999995,0.622
16,1998,1998_Gov-G_NE,NE,Gov-G,0.41307966318362,0.58692033681638,0.4604604604604604,0.5395395395395395
17,1998,1998_Gov-G_NH,NH,Gov-G,0.752808988764045,0.24719101123595508,0.6663306451612904,0.33366935483870974
18,1998,1998_Gov-G_NM,NM,Gov-G,0.45487099412130394,0.5451290058786961,0.455,0.545
19,1998,1998_Gov-G_NV,NV,Gov-G,0.4835164835164835,0.5164835164835165,0.44871794871794873,0.5512820512820513
20,1998,1998_Gov-G_NY,NY,Gov-G,0.33182219065493684,0.6681778093450632,0.37942857142857145,0.6205714285714286
21,1998,1998_Gov-G_OH,OH,Gov-G,0.453504857048341,0.5464951429516591,0.4715189873417721,0.5284810126582278
22,1998,1998_Gov-G_PA,PA,Gov-G,0.2433863394068445,0.7566136605931555,0.3506787330316742,0.6493212669683257
23,1998,1998_Gov-G_RI,RI,Gov-G,0.4959453881242014,0.5040546118757985,0.45220193340494097,0.5477980665950591
24,1998,1998_Gov-G_SC,SC,Gov-G,0.4888888888888888,0.5111111111111111,0.540650406504065,0.45934959349593496
25,1998,1998_Gov-G_TX,TX,Gov-G,0.2506004016002988,0.7493995983997013,0.31388329979879276,0.6861167002012072
26,1998,1998_Gov-G_WI,WI,Gov-G,0.3002963728793022,0.6997036271206978,0.3932926829268293,0.6067073170731707
27,1998,1998_Sen-G_AL,AL,Sen-G,0.3186813186813186,0.6813186813186813,0.3671570099069348,0.6328429900930651
28,1998,1998_Sen-G_AR,AR,Sen-G,0.6086956521739131,0.391304347826087,0.5659815005138746,0.43401849948612536
29,1998,1998_Sen-G_AZ,AZ,Sen-G,0.27599634230595094,0.7240036576940491,0.28321167883211684,0.7167883211678833
30,1998,1998_Sen-G_CA,CA,Sen-G,0.5184470835176395,0.4815529164823606,0.5523056104923494,0.44769438950765067
31,1998,1998_Sen-G_CO,CO,Sen-G,0.35802007276298875,0.6419799272370112,0.3591505949938449,0.6408494050061552
32,1998,1998_Sen-G_CT,CT,Sen-G,0.6810316698737864,0.31896833012621373,0.6680680885972108,0.3319319114027891
33,1998,1998_Sen-G_FL,FL,Sen-G,0.6303406781465449,0.36965932185345496,0.6247,0.3753
34,1998,1998_Sen-G_GA,GA,Sen-G,0.40749412251364464,0.5925058774863553,0.4629819524200164,0.5370180475799836
35,1998,1998_Sen-G_IA,IA,Sen-G,0.2608695652173913,0.7391304347826086,0.3082912032355915,0.6917087967644086
36,1998,1998_Sen-G_IL,IL,Sen-G,0.43879892909775614,0.5612010709022439,0.4851211780345639,0.5148788219654362
37,1998,1998_Sen-G_IN,IN,Sen-G,0.660015825547149,0.339984174452851,0.6468378844787331,0.3531621155212669
38,1998,1998_Sen-G_KS,KS,Sen-G,0.31958762886597936,0.6804123711340206,0.3261408218046665,0.6738591781953335
39,1998,1998_Sen-G_KY,KY,Sen-G,0.48172881296889647,0.5182711870311035,0.4970174906480639,0.5029825093519361
40,1998,1998_Sen-G_MD,MD,Sen-G,0.7159242731294545,0.28407572687054555,0.705,0.295
41,1998,1998_Sen-G_MO,MO,Sen-G,0.4045004101468971,0.5954995898531029,0.4538102643856921,0.546189735614308
42,1998,1998_Sen-G_NC,NC,Sen-G,0.5396962494684066,0.46030375053159345,0.5210880195599022,0.4789119804400978
43,1998,1998_Sen-G_NV,NV,Sen-G,0.5172427412018499,0.4827572587981502,0.5005226845076313,0.49947731549236885
44,1998,1998_Sen-G_NY,NY,Sen-G,0.5132187852907826,0.4867812147092173,0.5533941236068896,0.44660587639311045
45,1998,1998_Sen-G_OH,OH,Sen-G,0.4012427412363663,0.5987572587636338,0.4353435343534353,0.5646564656465646
46,1998,1998_Sen-G_OK,OK,Sen-G,0.20253164556962025,0.7974683544303798,0.32029490067581406,0.6797050993241859
47,1998,1998_Sen-G_PA,PA,Sen-G,0.32809098749500915,0.6719090125049908,0.3619057526266514,0.6380942473733486
48,1998,1998_Sen-G_SC,SC,Sen-G,0.5117155897482866,0.4882844102517135,0.5355291247331503,0.4644708752668496
49,1998,1998_Sen-G_SD,SD,Sen-G,0.6904761904761905,0.30952380952380953,0.6305428716387621,0.36945712836123795
50,1998,1998_Sen-G_WA,WA,Sen-G,0.5445197814527302,0.45548021854726983,0.5841,0.41590000000000005
51,1998,1998_Sen-G_WI,WI,Sen-G,0.5025805553293706,0.49741944467062926,0.5108640727640222,0.4891359272359778
52,1999,1999_Gov-G_MS,MS,Gov-G,0.47191011235955055,0.5280898876404494,0.5056065239551478,0.49439347604485223
53,2000,2000_Gov-G_DE,DE,Gov-G,0.5718331021729081,0.428166897827092,0.5985844287158746,0.40141557128412536
54,2000,2000_Gov-G_IN,IN,Gov-G,0.5637971798547003,0.43620282014529965,0.5757884028484231,0.4242115971515768
55,2000,2000_Gov-G_MO,MO,Gov-G,0.49271366973641534,0.5072863302635847,0.5046248715313463,0.4953751284686536
56,2000,2000_Gov-G_MT,MT,Gov-G,0.47645610286833645,0.5235438971316636,0.48012232415902145,0.5198776758409787
57,2000,2000_Gov-G_NC,NC,Gov-G,0.5442108490111583,0.45578915098884165,0.5289928789420143,0.47100712105798576
58,2000,2000_Gov-G_ND,ND,Gov-G,0.46808510638297873,0.5319148936170213,0.45,0.55
59,2000,2000_Gov-G_NH,NH,Gov-G,0.5426332189967203,0.45736678100327965,0.5264864864864865,0.4735135135135135
60,2000,2000_Gov-G_UT,UT,Gov-G,0.42365424915756866,0.5763457508424314,0.43350253807106603,0.566497461928934
61,2000,2000_Gov-G_VT,VT,Gov-G,0.5518907219837011,0.4481092780162989,0.5707814269535674,0.42921857304643263
62,2000,2000_Gov-G_WA,WA,Gov-G,0.5671558750635863,0.4328441249364137,0.5953109072375128,0.4046890927624873
63,2000,2000_Gov-G_WV,WV,Gov-G,0.52416246135822,0.47583753864178,0.5149023638232271,0.4850976361767728
64,2000,2000_Sen-G_CA,CA,Sen-G,0.5667364546117419,0.433263545388258,0.6041328572974143,0.3958671427025858
65,2000,2000_Sen-G_CT,CT,Sen-G,0.6421052631578947,0.35789473684210527,0.6491065927295133,0.3508934072704868
66,2000,2000_Sen-G_DE,DE,Sen-G,0.5079061331596612,0.4920938668403387,0.5596089892169707,0.44039101078302934
67,2000,2000_Sen-G_FL,FL,Sen-G,0.5215020301599733,0.4784979698400267,0.5249408618739073,0.4750591381260928
68,2000,2000_Sen-G_GA,GA,Sen-G,0.5892846933603838,0.4107153066396163,0.6055561335969202,0.39444386640307977
69,2000,2000_Sen-G_HI,HI,Sen-G,0.6526315789473685,0.3473684210526316,0.7478135610659533,0.2521864389340467
70,2000,2000_Sen-G_IN,IN,Sen-G,0.2541570710748359,0.7458429289251641,0.32364597093791286,0.6763540290620872
71,2000,2000_Sen-G_MA,MA,Sen-G,0.8272728591583622,0.17272714084163773,0.8497029010835372,0.15029709891646276
72,2000,2000_Sen-G_MD,MD,Sen-G,0.6287665565394164,0.37123344346058357,0.6323691322189972,0.3676308677810029
73,2000,2000_Sen-G_ME,ME,Sen-G,0.27372781678546626,0.7262721832145336,0.3106,0.6894
74,2000,2000_Sen-G_MI,MI,Sen-G,0.49497997485220246,0.5050200251477976,0.5082708311928491,0.49172916880715095
75,2000,2000_Sen-G_MN,MN,Sen-G,0.5521191406295669,0.44788085937043315,0.53006947459835,0.46993052540165
76,2000,2000_Sen-G_MO,MO,Sen-G,0.50516287222099,0.49483712777901007,0.5105199271697349,0.489480072830265
77,2000,2000_Sen-G_MT,MT,Sen-G,0.47708423367443725,0.5229157663255628,0.4830759791389713,0.5169240208610287
78,2000,2000_Sen-G_ND,ND,Sen-G,0.6263736263736264,0.3736263736263737,0.6137,0.38630000000000003
79,2000,2000_Sen-G_NE,NE,Sen-G,0.5417262466173233,0.4582737533826768,0.5109196553796834,0.48908034462031663
80,2000,2000_Sen-G_NJ,NJ,Sen-G,0.5183896558701949,0.481610344129805,0.5154819463018208,0.4845180536981792
81,2000,2000_Sen-G_NM,NM,Sen-G,0.6407398129592518,0.3592601870407482,0.6173086543271636,0.3826913456728364
82,2000,2000_Sen-G_NV,NV,Sen-G,0.4404328800809141,0.5595671199190859,0.41875923190546527,0.5812407680945347
83,2000,2000_Sen-G_NY,NY,Sen-G,0.5256938498087544,0.4743061501912455,0.5623728123728124,0.4376271876271876
84,2000,2000_Sen-G_OH,OH,Sen-G,0.373653479689093,0.626346520310907,0.3745431763600292,0.6254568236399708
85,2000,2000_Sen-G_PA,PA,Sen-G,0.4181312933222483,0.5818687066777517,0.464719697743286,0.535280302256714
86,2000,2000_Sen-G_RI,RI,Sen-G,0.3722568427237049,0.627743157276295,0.4197694583290829,0.580230541670917
87,2000,2000_Sen-G_TN,TN,Sen-G,0.34651744223974124,0.6534825577602588,0.3310040078100915,0.6689959921899085
88,2000,2000_Sen-G_TX,TX,Sen-G,0.3287235573596995,0.6712764426403005,0.3321696272717938,0.6678303727282061
89,2000,2000_Sen-G_UT,UT,Sen-G,0.3282774960718127,0.6717225039281873,0.32454423730559273,0.6754557626944072
90,2000,2000_Sen-G_VA,VA,Sen-G,0.472477161923453,0.527522838076547,0.4770862517510506,0.5229137482489493
91,2000,2000_Sen-G_VT,VT,Sen-G,0.2814227524759122,0.7185772475240878,0.27948126167710735,0.7205187383228926
92,2000,2000_Sen-G_WA,WA,Sen-G,0.4900310013498007,0.5099689986501992,0.5004621546677621,0.49953784533223783
93,2000,2000_Sen-G_WI,WI,Sen-G,0.6185660851694175,0.3814339148305827,0.6242645567052141,0.375735443294786
94,2000,2000_Sen-G_WV,WV,Sen-G,0.8122580392701051,0.18774196072989482,0.7940966193442958,0.20590338065570424
95,2001,2001_Gov-G_NJ,NJ,Gov-G,0.5947493669363432,0.40525063306365683,0.5749235474006117,0.4250764525993884
96,2001,2001_Gov-G_VA,VA,Gov-G,0.5432741651754623,0.4567258348245376,0.5262096774193549,0.47379032258064513
97,2002,2002_Gov-G_AL,AL,Gov-G,0.4725892326373082,0.527410767362692,0.4989816700610998,0.5010183299389002
98,2002,2002_Gov-G_AR,AR,Gov-G,0.4449131667226663,0.5550868332773338,0.46464646464646464,0.5353535353535354
99,2002,2002_Gov-G_AZ,AZ,Gov-G,0.5091361880662787,0.49086381193372136,0.5054704595185996,0.49452954048140046
100,2002,2002_Gov-G_CA,CA,Gov-G,0.539320402715885,0.46067959728411506,0.5278396436525612,0.47216035634743875
101,2002,2002_Gov-G_CO,CO,Gov-G,0.3156908813290901,0.6843091186709098,0.34994807892004154,0.6500519210799584
102,2002,2002_Gov-G_CT,CT,Gov-G,0.4205285429053764,0.5794714570946237,0.439,0.561
103,2002,2002_Gov-G_FL,FL,Gov-G,0.4634613057760038,0.5365386942239961,0.43491422805247226,0.5650857719475277
104,2002,2002_Gov-G_GA,GA,Gov-G,0.5580854547199706,0.4419145452800294,0.473899692937564,0.526100307062436
105,2002,2002_Gov-G_HI,HI,Gov-G,0.490589010645309,0.509410989354691,0.47667342799188644,0.5233265720081136
106,2002,2002_Gov-G_IA,IA,Gov-G,0.5653490986044413,0.4346509013955586,0.5421810699588477,0.45781893004115226
107,2002,2002_Gov-G_ID,ID,Gov-G,0.45454545454545453,0.5454545454545454,0.4255102040816327,0.5744897959183674
108,2002,2002_Gov-G_IL,IL,Gov-G,0.5511664769087828,0.44883352309121716,0.5364850976361767,0.4635149023638232
109,2002,2002_Gov-G_KS,KS,Gov-G,0.5509625336608525,0.4490374663391475,0.539795918367347,0.4602040816326531
110,2002,2002_Gov-G_MA,MA,Gov-G,0.49504663709935487,0.5049533629006451,0.474128827877508,0.5258711721224921
111,2002,2002_Gov-G_MD,MD,Gov-G,0.48865361327100687,0.5113463867289931,0.48036253776435045,0.5196374622356495
112,2002,2002_Gov-G_ME,ME,Gov-G,0.6075222926466048,0.3924777073533952,0.532130777903044,0.46786922209695603
113,2002,2002_Gov-G_MI,MI,Gov-G,0.5514854226337761,0.44851457736622397,0.520242914979757,0.4797570850202429
114,2002,2002_Gov-G_MN,MN,Gov-G,0.4956011123388693,0.5043988876611306,0.4511742892459827,0.5488257107540172
115,2002,2002_Gov-G_NE,NE,Gov-G,0.2222222222222222,0.7777777777777778,0.28526970954356845,0.7147302904564315
116,2002,2002_Gov-G_NH,NH,Gov-G,0.41955510176016364,0.5804448982398362,0.3946280991735537,0.6053719008264462
117,2002,2002_Gov-G_NM,NM,Gov-G,0.5976908808698829,0.40230911913011697,0.6139380530973451,0.38606194690265483
118,2002,2002_Gov-G_NV,NV,Gov-G,0.281922846086773,0.718077153913227,0.24363233665559247,0.7563676633444075
119,2002,2002_Gov-G_NY,NY,Gov-G,0.3800126966299195,0.6199873033700805,0.4041013268998793,0.5958986731001206
120,2002,2002_Gov-G_OH,OH,Gov-G,0.40961895316342495,0.590381046836575,0.3989583333333333,0.6010416666666667
121,2002,2002_Gov-G_OK,OK,Gov-G,0.5110331907724064,0.48896680922759367,0.5040745052386495,0.4959254947613504
122,2002,2002_Gov-G_OR,OR,Gov-G,0.5362939436935336,0.4637060563064665,0.5152471083070452,0.4847528916929548
123,2002,2002_Gov-G_PA,PA,Gov-G,0.6001411060236693,0.3998588939763307,0.5460122699386503,0.4539877300613497
124,2002,2002_Gov-G_RI,RI,Gov-G,0.49573500083691413,0.5042649991630858,0.452,0.5479999999999999
125,2002,2002_Gov-G_SC,SC,Gov-G,0.5121389149607017,0.4878610850392982,0.47100000000000003,0.529
126,2002,2002_Gov-G_SD,SD,Gov-G,0.42183868191313234,0.5781613180868678,0.4245187436676799,0.5754812563323202
127,2002,2002_Gov-G_TN,TN,Gov-G,0.5153060481154612,0.4846939518845388,0.5157680569684638,0.48423194303153605
128,2002,2002_Gov-G_TX,TX,Gov-G,0.4149281371344553,0.5850718628655446,0.40899795501022496,0.591002044989775
129,2002,2002_Gov-G_VT,VT,Gov-G,0.5555471683330622,0.44445283166693783,0.4856815578465063,0.5143184421534936
130,2002,2002_Gov-G_WI,WI,Gov-G,0.5350816803733752,0.46491831962662467,0.5213872832369942,0.47861271676300576
131,2002,2002_Gov-G_WY,WY,Gov-G,0.44999999999999996,0.55,0.5107252298263534,0.4892747701736465
132,2002,2002_Sen-G_AL,AL,Sen-G,0.29885057471264365,0.7011494252873562,0.4047352911289503,0.5952647088710497
133,2002,2002_Sen-G_AR,AR,Sen-G,0.5528984437144131,0.44710155628558695,0.539,0.461
134,2002,2002_Sen-G_CO,CO,Sen-G,0.4956617463867482,0.5043382536132517,0.47444801492692035,0.5255519850730798
135,2002,2002_Sen-G_GA,GA,Sen-G,0.5106855590881808,0.4893144409118192,0.4651869869261173,0.5348130130738826
136,2002,2002_Sen-G_IA,IA,Sen-G,0.5650519948481796,0.4349480051518205,0.5530828909759085,0.44691710902409143
137,2002,2002_Sen-G_ID,ID,Sen-G,0.32967032967032966,0.6703296703296703,0.3331286459932453,0.6668713540067547
138,2002,2002_Sen-G_IL,IL,Sen-G,0.618897727666503,0.381102272333497,0.613421453990849,0.38657854600915104
139,2002,2002_Sen-G_KY,KY,Sen-G,0.30884427563754746,0.6911557243624527,0.3532,0.6468
140,2002,2002_Sen-G_ME,ME,Sen-G,0.3775479422538246,0.6224520577461754,0.4156,0.5844
141,2002,2002_Sen-G_MI,MI,Sen-G,0.667520347798149,0.3324796522018511,0.6153299492385786,0.3846700507614213
142,2002,2002_Sen-G_MN,MN,Sen-G,0.5207769284684324,0.4792230715315677,0.4886410574142916,0.5113589425857084
143,2002,2002_Sen-G_MO,MO,Sen-G,0.48040255853333197,0.5195974414666681,0.4942622118411699,0.5057377881588301
144,2002,2002_Sen-G_MT,MT,Sen-G,0.67816091954023,0.32183908045977017,0.6641261776225257,0.3358738223774743
145,2002,2002_Sen-G_NC,NC,Sen-G,0.4644977804636295,0.5355022195363706,0.45635403978887534,0.5436459602111247
146,2002,2002_Sen-G_NE,NE,Sen-G,0.10869565217391304,0.8913043478260869,0.15030800821355236,0.8496919917864476
147,2002,2002_Sen-G_NH,NH,Sen-G,0.4972062893046377,0.5027937106953623,0.4772680518411849,0.5227319481588151
148,2002,2002_Sen-G_NJ,NJ,Sen-G,0.5565858548608468,0.4434141451391532,0.550751303281202,0.4492486967187979
149,2002,2002_Sen-G_NM,NM,Sen-G,0.2993359001290551,0.7006640998709449,0.3496,0.6504000000000001
150,2002,2002_Sen-G_OK,OK,Sen-G,0.40676085490877256,0.5932391450912275,0.3878859096250401,0.6121140903749599
151,2002,2002_Sen-G_OR,OR,Sen-G,0.4012442490936454,0.5987557509063546,0.41337925276560217,0.5866207472343978
152,2002,2002_Sen-G_RI,RI,Sen-G,0.8133333333333334,0.18666666666666668,0.7842,0.2158
153,2002,2002_Sen-G_SC,SC,Sen-G,0.4691046597545063,0.5308953402454937,0.4482199005984379,0.551780099401562
154,2002,2002_Sen-G_SD,SD,Sen-G,0.49005084294894397,0.509949157051056,0.5007568876778685,0.49924311232213137
155,2002,2002_Sen-G_TN,TN,Sen-G,0.4476139687920002,0.5523860312079997,0.44965013690295097,0.5503498630970489
156,2002,2002_Sen-G_TX,TX,Sen-G,0.47088365619315314,0.5291163438068468,0.43931866572036904,0.560681334279631
157,2002,2002_Sen-GR_LA,LA,Sen-G,0.5073923646490863,0.4926076353509136,0.517,0.483
158,2003,2003_Gov-G_KY,KY,Gov-G,0.4512843841641509,0.5487156158358492,0.45,0.55
159,2003,2003_Gov-G_MS,MS,Gov-G,0.47624576392255497,0.523754236077445,0.46554878048780485,0.5344512195121951
160,2003,2003_Gov-GR_LA,LA,Gov-G,0.47090988813681883,0.5290901118631812,0.5195000000000001,0.4805
161,2004,2004_Gov-G_IN,IN,Gov-G,0.46595109264602946,0.5340489073539706,0.46099290780141844,0.5390070921985816
162,2004,2004_Gov-G_MO,MO,Gov-G,0.4883480113105639,0.5116519886894361,0.4853090172239109,0.5146909827760892
163,2004,2004_Gov-G_MT,MT,Gov-G,0.5274725274725275,0.4725274725274725,0.5228215767634854,0.4771784232365145
164,2004,2004_Gov-G_NC,NC,Gov-G,0.5733546270292343,0.42664537297076555,0.5644670050761421,0.43553299492385783
165,2004,2004_Gov-G_ND,ND,Gov-G,0.23913043478260873,0.7608695652173914,0.27760891590678827,0.7223910840932118
166,2004,2004_Gov-G_NH,NH,Gov-G,0.4933726459230477,0.5066273540769523,0.5105105105105104,0.48948948948948945
167,2004,2004_Gov-G_UT,UT,Gov-G,0.26260556116894657,0.7373944388310535,0.41775983854692234,0.5822401614530778
168,2004,2004_Gov-G_WA,WA,Gov-G,0.5082657419286029,0.49173425807139715,0.5,0.5
169,2004,2004_Gov-G_WV,WV,Gov-G,0.7037037037037037,0.2962962962962963,0.6512820512820513,0.3487179487179487
170,2004,2004_Sen-G_AK,AK,Sen-G,0.48887220756669264,0.5111277924333073,0.4839052374375863,0.5160947625624137
171,2004,2004_Sen-G_AR,AR,Sen-G,0.5666541707199448,0.4333458292800552,0.5591677503250975,0.4408322496749025
172,2004,2004_Sen-G_CA,CA,Sen-G,0.6075661715299178,0.39243382847008235,0.6042299235682128,0.39577007643178724
173,2004,2004_Sen-G_CO,CO,Sen-G,0.5232501004793949,0.4767498995206051,0.5243790248390064,0.47562097516099355
174,2004,2004_Sen-G_CT,CT,Sen-G,0.7096774193548386,0.29032258064516125,0.6737408610885459,0.32625913891145414
175,2004,2004_Sen-G_FL,FL,Sen-G,0.5010872483064883,0.4989127516935116,0.4943222506393862,0.5056777493606138
176,2004,2004_Sen-G_GA,GA,Sen-G,0.41969203830037605,0.580307961699624,0.40854281626813815,0.5914571837318618
177,2004,2004_Sen-G_IA,IA,Sen-G,0.24794259336810912,0.7520574066318908,0.28431572506628594,0.7156842749337141
178,2004,2004_Sen-G_IL,IL,Sen-G,0.7392318463859482,0.26076815361405187,0.7211915069057926,0.2788084930942074
179,2004,2004_Sen-G_IN,IN,Sen-G,0.6569113138899918,0.34308868611000826,0.6234830097087378,0.3765169902912621
180,2004,2004_Sen-G_KS,KS,Sen-G,0.30588235294117655,0.6941176470588235,0.2844283497154682,0.7155716502845318
181,2004,2004_Sen-G_KY,KY,Sen-G,0.46127425859000293,0.5387257414099971,0.49340000000000006,0.5065999999999999
182,2004,2004_Sen-G_MO,MO,Sen-G,0.3977763006886984,0.6022236993113016,0.4328041257963393,0.5671958742036607
183,2004,2004_Sen-G_NC,NC,Sen-G,0.4867423989565056,0.5132576010434944,0.4767795578990063,0.5232204421009937
184,2004,2004_Sen-G_ND,ND,Sen-G,0.7802197802197802,0.21978021978021978,0.6828,0.3172
185,2004,2004_Sen-G_NH,NH,Sen-G,0.2782852309638315,0.7217147690361685,0.3375375375375375,0.6624624624624625
186,2004,2004_Sen-G_NV,NV,Sen-G,0.6277638207766374,0.37223617922336255,0.634795260860528,0.36520473913947205
187,2004,2004_Sen-G_NY,NY,Sen-G,0.8181818181818182,0.18181818181818182,0.7459119496855346,0.2540880503144654
188,2004,2004_Sen-G_OH,OH,Sen-G,0.34707748142384154,0.6529225185761585,0.3614361436143614,0.6385638563856385
189,2004,2004_Sen-G_OK,OK,Sen-G,0.4810897873482436,0.5189102126517564,0.43867673651739175,0.5613232634826082
190,2004,2004_Sen-G_PA,PA,Sen-G,0.38659673565632696,0.6134032643436731,0.4438220061304302,0.5561779938695698
191,2004,2004_Sen-G_SC,SC,Sen-G,0.45414794180790974,0.5458520581920902,0.4510586069346425,0.5489413930653574
192,2004,2004_Sen-G_SD,SD,Sen-G,0.49474429558447447,0.5052557044155256,0.49420000000000003,0.5058
193,2004,2004_Sen-G_UT,UT,Sen-G,0.4156285673495023,0.5843714326504977,0.2923916400700093,0.7076083599299908
194,2004,2004_Sen-G_WA,WA,Sen-G,0.5509112272844789,0.44908877271552095,0.5626279164961113,0.4373720835038887
195,2004,2004_Sen-G_WI,WI,Sen-G,0.5858413416869517,0.4141586583130483,0.5565051276895234,0.4434948723104765
196,2005,2005_Gov-G_NJ,NJ,Gov-G,0.536734853241665,0.46326514675833497,0.5541506891905896,0.4458493108094103
197,2005,2005_Gov-G_VA,VA,Gov-G,0.5122954879130968,0.48770451208690324,0.5293214614676082,0.4706785385323918
198,2006,2006_Gov-G_AK,AK,Gov-G,0.4713073160591339,0.528692683940866,0.45852017937219736,0.5414798206278028
199,2006,2006_Gov-G_AL,AL,Gov-G,0.41969546228689947,0.5803045377131005,0.42020202020202024,0.5797979797979798
200,2006,2006_Gov-G_AR,AR,Gov-G,0.5558498422471636,0.44415015775283634,0.5742471443406023,0.42575285565939774
201,2006,2006_Gov-G_AZ,AZ,Gov-G,0.6194832689528582,0.38051673104714173,0.6387755102040816,0.36122448979591837
202,2006,2006_Gov-G_CA,CA,Gov-G,0.42158976639749046,0.5784102336025095,0.410958904109589,0.5890410958904109
203,2006,2006_Gov-G_CO,CO,Gov-G,0.5921387245402777,0.4078612754597223,0.5864197530864197,0.41358024691358025
204,2006,2006_Gov-G_CT,CT,Gov-G,0.3660747135106787,0.6339252864893213,0.3596757852077001,0.6403242147923
205,2006,2006_Gov-G_FL,FL,Gov-G,0.46026151574488117,0.5397384842551188,0.4635149023638232,0.5364850976361767
206,2006,2006_Gov-G_GA,GA,Gov-G,0.41690897588473413,0.5830910241152658,0.3975026014568159,0.6024973985431842
207,2006,2006_Gov-G_IA,IA,Gov-G,0.5352069942506497,0.46479300574935034,0.5476673427991887,0.4523326572008114
208,2006,2006_Gov-G_ID,ID,Gov-G,0.5159004838095929,0.4840995161904072,0.45557851239669417,0.5444214876033058
209,2006,2006_Gov-G_IL,IL,Gov-G,0.5664004222326025,0.43359957776739755,0.5589225589225589,0.44107744107744107
210,2006,2006_Gov-G_KS,KS,Gov-G,0.5906338678738516,0.4093661321261483,0.5879959308240081,0.41200406917599186
211,2006,2006_Gov-G_MA,MA,Gov-G,0.6438000520411532,0.35619994795884674,0.6116611661166116,0.3883388338833883
212,2006,2006_Gov-G_MD,MD,Gov-G,0.5137783088082342,0.48622169119176595,0.5328614762386249,0.4671385237613751
213,2006,2006_Gov-G_ME,ME,Gov-G,0.5642531418066622,0.43574685819333786,0.5563689604685212,0.4436310395314788
214,2006,2006_Gov-G_MI,MI,Gov-G,0.5494151840455148,0.45058481595448513,0.5709939148073022,0.4290060851926978
215,2006,2006_Gov-G_MN,MN,Gov-G,0.5167171900007179,0.48328280999928197,0.4945887445887446,0.5054112554112554
216,2006,2006_Gov-G_NH,NH,Gov-G,0.7779384853913354,0.22206151460866458,0.735,0.265
217,2006,2006_Gov-G_NV,NV,Gov-G,0.47700188046075,0.52299811953925,0.4782135076252723,0.5217864923747276
218,2006,2006_Gov-G_NY,NY,Gov-G,0.7355737558850055,0.26442624411499455,0.7026476578411405,0.2973523421588595
219,2006,2006_Gov-G_OH,OH,Gov-G,0.6213845564666653,0.37861544353333454,0.6213991769547326,0.3786008230452675
220,2006,2006_Gov-G_OK,OK,Gov-G,0.6857279966073511,0.3142720033926489,0.665,0.335
221,2006,2006_Gov-G_OR,OR,Gov-G,0.5349873985277211,0.4650126014722788,0.5433155080213904,0.45668449197860966
222,2006,2006_Gov-G_PA,PA,Gov-G,0.6164695522746693,0.38353044772533074,0.604,0.396
223,2006,2006_Gov-G_RI,RI,Gov-G,0.44911644187672933,0.5508835581232706,0.49,0.51
224,2006,2006_Gov-G_SC,SC,Gov-G,0.40702896188154397,0.592971038118456,0.4484484484484484,0.5515515515515516
225,2006,2006_Gov-G_TN,TN,Gov-G,0.6658292168959832,0.33417078310401677,0.6978636826042726,0.3021363173957274
226,2006,2006_Gov-G_TX,TX,Gov-G,0.39557377358647816,0.6044262264135218,0.433139534883721,0.5668604651162791
227,2006,2006_Gov-G_VT,VT,Gov-G,0.44565217391304346,0.5543478260869565,0.4219712525667351,0.5780287474332648
228,2006,2006_Gov-G_WI,WI,Gov-G,0.524763667513359,0.4752363324866411,0.5382262996941896,0.4617737003058104
229,2006,2006_Sen-G_AZ,AZ,Sen-G,0.4611888313131095,0.5388111686868905,0.44919454770755884,0.5508054522924412
230,2006,2006_Sen-G_CA,CA,Sen-G,0.6340484251649419,0.3659515748350582,0.6292218104817363,0.37077818951826363
231,2006,2006_Sen-G_DE,DE,Sen-G,0.6976744186046512,0.3023255813953488,0.7097902097902098,0.2902097902097902
232,2006,2006_Sen-G_FL,FL,Sen-G,0.6272615566299778,0.37273844337002215,0.6128048780487805,0.3871951219512195
233,2006,2006_Sen-G_MA,MA,Sen-G,0.7134931272198174,0.28650687278018255,0.6940410615923885,0.30595893840761146
234,2006,2006_Sen-G_MD,MD,Sen-G,0.5254115046748751,0.4745884953251249,0.5508586525759578,0.4491413474240423
235,2006,2006_Sen-G_ME,ME,Sen-G,0.19918600902643457,0.8008139909735655,0.21765327695560252,0.7823467230443975
236,2006,2006_Sen-G_MI,MI,Sen-G,0.5579644494894657,0.44203555051053445,0.5797086686360395,0.4202913313639605
237,2006,2006_Sen-G_MN,MN,Sen-G,0.6052108835021656,0.3947891164978344,0.6047916666666667,0.39520833333333333
238,2006,2006_Sen-G_MO,MO,Sen-G,0.511486414189598,0.48851358581040205,0.5117143152028073,0.4882856847971927
239,2006,2006_Sen-G_MT,MT,Sen-G,0.523288024426847,0.4767119755731531,0.5044638276038994,0.4955361723961006
240,2006,2006_Sen-G_NJ,NJ,Sen-G,0.5353827028655088,0.4646172971344913,0.5462081670248694,0.4537918329751305
241,2006,2006_Sen-G_NM,NM,Sen-G,0.6081504702194358,0.39184952978056425,0.7065239143486092,0.29347608565139083
242,2006,2006_Sen-G_NV,NV,Sen-G,0.42571017461570426,0.5742898253842958,0.42542812662169177,0.5745718733783083
243,2006,2006_Sen-G_NY,NY,Sen-G,0.6691085379425282,0.3308914620574717,0.6836037139067441,0.31639628609325576
244,2006,2006_Sen-G_OH,OH,Sen-G,0.5668117007782811,0.43318829922171886,0.5617123424684938,0.43828765753150634
245,2006,2006_Sen-G_PA,PA,Sen-G,0.5533752975158024,0.44662470248419756,0.5868694955964772,0.41313050440352284
246,2006,2006_Sen-G_RI,RI,Sen-G,0.5251702985872745,0.4748297014127255,0.5352126805778491,0.46478731942215085
247,2006,2006_Sen-G_TN,TN,Sen-G,0.48371787568381996,0.5162821243161799,0.48622087132725433,0.5137791286727457
248,2006,2006_Sen-G_TX,TX,Sen-G,0.33287189541900897,0.6671281045809909,0.36877110406221225,0.6312288959377879
249,2006,2006_Sen-G_UT,UT,Sen-G,0.33999999999999997,0.6599999999999999,0.3324769856561764,0.6675230143438236
250,2006,2006_Sen-G_VA,VA,Sen-G,0.5104050707414172,0.48959492925858294,0.5019738839963559,0.4980261160036441
251,2006,2006_Sen-G_WA,WA,Sen-G,0.5591426330748687,0.4408573669251314,0.5873655913978495,0.4126344086021505
252,2006,2006_Sen-G_WI,WI,Sen-G,0.659762276828918,0.340237723171082,0.6954230808967868,0.3045769191032131
253,2006,2006_Sen-G_WV,WV,Sen-G,0.67,0.33,0.656476103128503,0.34352389687149704
254,2007,2007_Gov-G_KY,KY,Gov-G,0.6030806403489632,0.3969193596510367,0.5870000000000001,0.413
255,2008,2008_Gov-G_DE,DE,Gov-G,0.6966292134831461,0.30337078651685395,0.678391959798995,0.32160804020100503
256,2008,2008_Gov-G_IN,IN,Gov-G,0.3890074323668933,0.6109925676331066,0.40960163432073543,0.5903983656792645
257,2008,2008_Gov-G_MO,MO,Gov-G,0.5938244712512462,0.4061755287487539,0.5965270684371807,0.40347293156281916
258,2008,2008_Gov-G_MT,MT,Gov-G,0.6295565181440409,0.37044348185595916,0.6683673469387755,0.33163265306122447
259,2008,2008_Gov-G_NC,NC,Gov-G,0.5075761219942563,0.4924238780057438,0.5174897119341564,0.4825102880658437
260,2008,2008_Gov-G_ND,ND,Gov-G,0.25,0.75,0.2400408580183861,0.7599591419816139
261,2008,2008_Gov-G_NH,NH,Gov-G,0.7488050711783614,0.2511949288216386,0.7177914110429447,0.2822085889570552
262,2008,2008_Gov-G_UT,UT,Gov-G,0.1753190247323808,0.8246809752676192,0.20225872689938396,0.797741273100616
263,2008,2008_Gov-G_WA,WA,Gov-G,0.5184476953849135,0.48155230461508647,0.5329999999999999,0.467
264,2008,2008_Gov-G_WV,WV,Gov-G,0.7225987166207716,0.2774012833792285,0.7308900523560209,0.26910994764397905
265,2008,2008_Sen-G_AK,AK,Sen-G,0.5559560563687928,0.44404394363120725,0.5066284865839431,0.49337151341605684
266,2008,2008_Sen-G_AL,AL,Sen-G,0.3282936565508295,0.6717063434491705,0.36563876651982385,0.6343612334801763
267,2008,2008_Sen-G_CO,CO,Sen-G,0.5656901476259915,0.43430985237400854,0.5540980165809634,0.4459019834190367
268,2008,2008_Sen-G_DE,DE,Sen-G,0.6676018572089558,0.33239814279104424,0.6469,0.3531
269,2008,2008_Sen-G_GA,GA,Sen-G,0.47980137151961605,0.5201986284803839,0.484472049689441,0.515527950310559
270,2008,2008_Sen-G_IA,IA,Sen-G,0.6252992567048846,0.3747007432951154,0.6271016813450762,0.37289831865492395
271,2008,2008_Sen-G_ID,ID,Sen-G,0.38911907218284414,0.6108809278171559,0.37173060156931126,0.6282693984306889
272,2008,2008_Sen-G_IL,IL,Sen-G,0.6349044304270703,0.3650955695729296,0.7039535125038913,0.29604648749610873
273,2008,2008_Sen-G_KS,KS,Sen-G,0.3636650442940215,0.6363349557059785,0.3777455449647741,0.6222544550352258
274,2008,2008_Sen-G_KY,KY,Sen-G,0.47174324490218245,0.5282567550978176,0.4703,0.5297
275,2008,2008_Sen-G_LA,LA,Sen-G,0.5818902665719999,0.418109733428,0.5326586936522539,0.46734130634774607
276,2008,2008_Sen-G_MA,MA,Sen-G,0.651232269551196,0.34876773044880394,0.6804421944415746,0.3195578055584255
277,2008,2008_Sen-G_ME,ME,Sen-G,0.4201806962936844,0.5798193037063156,0.38614753277950153,0.6138524672204985
278,2008,2008_Sen-G_MI,MI,Sen-G,0.623565934272452,0.37643406572754806,0.649259144130142,0.3507408558698581
279,2008,2008_Sen-G_MN,MN,Sen-G,0.5016989475493454,0.4983010524506547,0.5000595450756222,0.4999404549243777
280,2008,2008_Sen-G_MS,MS,Sen-G,0.3333333333333333,0.6666666666666666,0.3856,0.6144
281,2008,2008_Sen-G_MT,MT,Sen-G,0.7288620650161577,0.27113793498384237,0.7292000000000001,0.2708
282,2008,2008_Sen-G_NC,NC,Sen-G,0.5277657022862559,0.47223429771374414,0.5437364453165341,0.45626355468346586
283,2008,2008_Sen-G_NE,NE,Sen-G,0.39080459770114945,0.6091954022988506,0.4105349456855913,0.5894650543144087
284,2008,2008_Sen-G_NH,NH,Sen-G,0.5480348102278807,0.4519651897721193,0.5327344072697233,0.46726559273027674
285,2008,2008_Sen-G_NJ,NJ,Sen-G,0.5870130042367798,0.4129869957632201,0.5718513982445397,0.4281486017554603
286,2008,2008_Sen-G_NM,NM,Sen-G,0.5901264105132616,0.40987358948673835,0.6133,0.38670000000000004
287,2008,2008_Sen-G_OK,OK,Sen-G,0.4220477667012655,0.5779522332987345,0.4087210515334863,0.5912789484665136
288,2008,2008_Sen-G_OR,OR,Sen-G,0.5298311979018283,0.47016880209817163,0.5177342509264161,0.48226574907358394
289,2008,2008_Sen-G_RI,RI,Sen-G,0.7191011235955056,0.2808988764044944,0.7340767530640948,0.2659232469359052
290,2008,2008_Sen-G_SC,SC,Sen-G,0.4002094367512352,0.5997905632487647,0.423473990177408,0.576526009822592
291,2008,2008_Sen-G_SD,SD,Sen-G,0.6250986935171123,0.37490130648288755,0.6249,0.3751
292,2008,2008_Sen-G_TN,TN,Sen-G,0.3680858005076897,0.6319141994923102,0.32692705104360403,0.6730729489563959
293,2008,2008_Sen-G_TX,TX,Sen-G,0.4351261626878212,0.5648738373121788,0.43866475527339754,0.5613352447266026
294,2008,2008_Sen-G_VA,VA,Sen-G,0.644214214953212,0.35578578504678804,0.6584649655731066,0.3415350344268935
295,2008,2008_Sen-G_WV,WV,Sen-G,0.5951053389644312,0.4048946610355687,0.6373637363736374,0.36263626362636264
296,2008,2008_Sen-G_WY,WY,Sen-G,0.3170190056222743,0.6829809943777256,0.2428671538692562,0.7571328461307437
297,2008,2008_Sen-GR_GA,GA,Sen-G,0.4719856938959019,0.5280143061040982,0.42560000000000003,0.5744
298,2008,2008_Sen-GS_MS,MS,Sen-G,0.45583452701744914,0.5441654729825508,0.45039999999999997,0.5496
299,2008,2008_Sen-GS_WY,WY,Sen-G,0.3378379305392877,0.6621620694607122,0.26561216105176666,0.7343878389482333
300,2009,2009_Gov-G_NJ,NJ,Gov-G,0.4959921670625154,0.5040078329374846,0.4808743169398907,0.5191256830601092
301,2009,2009_Gov-G_VA,VA,Gov-G,0.4276842613496417,0.5723157386503583,0.41341341341341337,0.5865865865865866
302,2010,2010_Gov-G_AK,AK,Gov-G,0.4384411287613342,0.5615588712386659,0.3894345084255143,0.6105654915744857
303,2010,2010_Gov-G_AL,AL,Gov-G,0.42168674698795183,0.5783132530120482,0.4210155857214681,0.578984414278532
304,2010,2010_Gov-G_AR,AR,Gov-G,0.6254119438467873,0.37458805615321267,0.6570117287098418,0.3429882712901581
305,2010,2010_Gov-G_AZ,AZ,Gov-G,0.450712726211298,0.549287273788702,0.4387343604591045,0.5612656395408955
306,2010,2010_Gov-G_CA,CA,Gov-G,0.5371453667556154,0.46285463324438464,0.5680929741151611,0.43190702588483887
307,2010,2010_Gov-G_CT,CT,Gov-G,0.4989556846919603,0.5010443153080397,0.502843794434288,0.49715620556571194
308,2010,2010_Gov-G_FL,FL,Gov-G,0.4937476759500426,0.5062523240499575,0.4940470027953204,0.5059529972046796
309,2010,2010_Gov-G_GA,GA,Gov-G,0.4582760536391963,0.5417239463608037,0.4476507969580164,0.5523492030419835
310,2010,2010_Gov-G_HI,HI,Gov-G,0.527525142353606,0.47247485764639396,0.5860680491242198,0.4139319508757801
311,2010,2010_Gov-G_IA,IA,Gov-G,0.4415687227410472,0.5584312772589527,0.45001041449697976,0.5499895855030201
312,2010,2010_Gov-G_ID,ID,Gov-G,0.36585365853658536,0.6341463414634146,0.35722053066550674,0.6427794693344931
313,2010,2010_Gov-G_IL,IL,Gov-G,0.46650959709227835,0.5334904029077215,0.5045831985333765,0.49541680146662354
314,2010,2010_Gov-G_KS,KS,Gov-G,0.3516483516483517,0.6483516483516484,0.3373128076238349,0.662687192376165
315,2010,2010_Gov-G_MA,MA,Gov-G,0.5122705696228166,0.4877294303771834,0.5356984969053935,0.46430150309460655
316,2010,2010_Gov-G_MD,MD,Gov-G,0.5624714757358561,0.43752852426414396,0.5737019279812302,0.42629807201876974
317,2010,2010_Gov-G_MI,MI,Gov-G,0.40017484235608347,0.5998251576439165,0.4071013161922253,0.5928986838077748
318,2010,2010_Gov-G_MN,MN,Gov-G,0.5279340179916496,0.4720659820083504,0.5024182404421925,0.4975817595578075
319,2010,2010_Gov-G_NH,NH,Gov-G,0.539172748542499,0.46082725145750103,0.5389577147537626,0.46104228524623736
320,2010,2010_Gov-G_NM,NM,Gov-G,0.4541136797037352,0.5458863202962647,0.46624599358974356,0.5337540064102564
321,2010,2010_Gov-G_NV,NV,Gov-G,0.41144428552411455,0.5885557144758854,0.4381383594819417,0.5618616405180583
322,2010,2010_Gov-G_NY,NY,Gov-G,0.6395818992567729,0.36041810074322717,0.6528416213957376,0.3471583786042624
323,2010,2010_Gov-G_OH,OH,Gov-G,0.4819835883512686,0.5180164116487314,0.48959200666111574,0.5104079933388843
324,2010,2010_Gov-G_OK,OK,Gov-G,0.4042553191489362,0.5957446808510639,0.39549999999999996,0.6045
325,2010,2010_Gov-G_OR,OR,Gov-G,0.5068549230010814,0.4931450769989186,0.5078825347758887,0.49211746522411126
326,2010,2010_Gov-G_PA,PA,Gov-G,0.4534740189494686,0.5465259810505315,0.4551,0.5449
327,2010,2010_Gov-G_SC,SC,Gov-G,0.44788991703923314,0.5521100829607668,0.47730972730972726,0.5226902726902727
328,2010,2010_Gov-G_SD,SD,Gov-G,0.42484203106553575,0.5751579689344644,0.3849,0.6151
329,2010,2010_Gov-G_TN,TN,Gov-G,0.32993600379236787,0.6700639962076321,0.3371725614106615,0.6628274385893385
330,2010,2010_Gov-G_TX,TX,Gov-G,0.44135840967036044,0.5586415903296394,0.4348720057571708,0.5651279942428292
331,2010,2010_Gov-G_UT,UT,Gov-G,0.3280372313325868,0.6719627686674131,0.33239554027300194,0.667604459726998
332,2010,2010_Gov-G_VT,VT,Gov-G,0.5210073596871833,0.4789926403128168,0.5092106617268705,0.4907893382731296
333,2010,2010_Gov-G_WI,WI,Gov-G,0.45888023805803096,0.5411197619419691,0.470778891927479,0.5292211080725211
334,2010,2010_Sen-G_AR,AR,Sen-G,0.39654240035498195,0.603457599645018,0.389562467053242,0.6104375329467581
335,2010,2010_Sen-G_AZ,AZ,Sen-G,0.39084569998212043,0.6091543000178795,0.37054912054912054,0.6294508794508794
336,2010,2010_Sen-G_CA,CA,Sen-G,0.5165718915257179,0.4834281084742821,0.5530471648118708,0.44695283518812934
337,2010,2010_Sen-G_CO,CO,Sen-G,0.4878918337124917,0.5121081662875082,0.5088907705334462,0.49110922946655383
338,2010,2010_Sen-G_CT,CT,Sen-G,0.5403262056638359,0.459673794336164,0.5606830656637528,0.4393169343362472
339,2010,2010_Sen-G_DE,DE,Sen-G,0.5480412505491186,0.4519587494508815,0.5857822847682119,0.4142177152317881
340,2010,2010_Sen-G_GA,GA,Sen-G,0.372708492640486,0.627291507359514,0.40078100914602816,0.5992189908539719
341,2010,2010_Sen-G_HI,HI,Sen-G,0.5698924731182796,0.43010752688172044,0.776198381406931,0.2238016185930691
342,2010,2010_Sen-G_IA,IA,Sen-G,0.32967032967032966,0.6703296703296703,0.34101382488479265,0.6589861751152074
343,2010,2010_Sen-G_ID,ID,Sen-G,0.23809523809523808,0.7619047619047619,0.2593902819685776,0.7406097180314223
344,2010,2010_Sen-G_IL,IL,Sen-G,0.4841652709421483,0.5158347290578518,0.4915810653394048,0.5084189346605951
345,2010,2010_Sen-G_IN,IN,Sen-G,0.3802341948395413,0.6197658051604586,0.4229223937407486,0.5770776062592514
346,2010,2010_Sen-G_KS,KS,Sen-G,0.2826086956521739,0.717391304347826,0.27345288690784697,0.726547113092153
347,2010,2010_Sen-G_KY,KY,Sen-G,0.4450478444401786,0.5549521555598215,0.4425983385046542,0.5574016614953458
348,2010,2010_Sen-G_LA,LA,Sen-G,0.4228222313464652,0.5771777686535348,0.3998089577584377,0.6001910422415623
349,2010,2010_Sen-G_MD,MD,Sen-G,0.6474686626780732,0.3525313373219267,0.634980600367572,0.365019399632428
350,2010,2010_Sen-G_MO,MO,Sen-G,0.4470165412885117,0.5529834587114884,0.42831541218638,0.5716845878136201
351,2010,2010_Sen-G_NC,NC,Sen-G,0.43325967615970146,0.5667403238402985,0.4399141630901287,0.5600858369098712
352,2010,2010_Sen-G_ND,ND,Sen-G,0.25773195876288657,0.7422680412371134,0.22564885496183207,0.7743511450381679
353,2010,2010_Sen-G_NH,NH,Sen-G,0.41042028816878257,0.5895797118312174,0.3801115241635688,0.6198884758364313
354,2010,2010_Sen-G_NV,NV,Sen-G,0.4787764636631201,0.5212235363368798,0.530261493040911,0.4697385069590889
355,2010,2010_Sen-G_NY,NY,Sen-G,0.6517267785833452,0.3482732214166549,0.6731296315094915,0.3268703684905086
356,2010,2010_Sen-G_OH,OH,Sen-G,0.4063649132522346,0.5936350867477654,0.40935064935064935,0.5906493506493506
357,2010,2010_Sen-G_OR,OR,Sen-G,0.5923940476171781,0.407605952382822,0.5931377630351404,0.40686223696485957
358,2010,2010_Sen-G_PA,PA,Sen-G,0.47455468098930315,0.5254453190106969,0.4899,0.5101
359,2010,2010_Sen-G_SC,SC,Sen-G,0.26582278481012656,0.7341772151898734,0.3102210254684169,0.6897789745315831
360,2010,2010_Sen-G_UT,UT,Sen-G,0.3624765449567812,0.6375234550432188,0.3473974345383229,0.652602565461677
361,2010,2010_Sen-G_VT,VT,Sen-G,0.6966292134831461,0.30337078651685395,0.6754514909701806,0.3245485090298194
362,2010,2010_Sen-G_WA,WA,Sen-G,0.4985766151867945,0.5014233848132055,0.5236,0.4764
363,2010,2010_Sen-G_WI,WI,Sen-G,0.45290986649598947,0.5470901335040106,0.4755258899676376,0.5244741100323624
364,2010,2010_Sen-G_WV,WV,Sen-G,0.511278305810027,0.488721694189973,0.5519768762258697,0.4480231237741302
365,2010,2010_Sen-GS_MA,MA,Sen-G,0.4742118940475001,0.5257881059524999,0.47575757575757577,0.5242424242424242
366,2010,2010_Sen-GS_NY,NY,Sen-G,0.6183101399823693,0.38168986001763067,0.6419828641370869,0.3580171358629131
367,2011,2011_Gov-G_KY,KY,Gov-G,0.6597202416375662,0.34027975836243385,0.6122404131414131,0.387759586858587
368,2011,2011_Gov-G_MS,MS,Gov-G,0.42553191489361697,0.574468085106383,0.3898,0.6102000000000001
369,2011,2011_Gov-GS_WV,WV,Gov-G,0.510457924545753,0.48954207545424694,0.5129399585921325,0.4870600414078675
370,2012,2012_Gov-G_IN,IN,Gov-G,0.45293144960330767,0.5470685503966924,0.4846434148880791,0.5153565851119208
371,2012,2012_Gov-G_MO,MO,Gov-G,0.5438302641069589,0.4561697358930411,0.5628982528263103,0.4371017471736896
372,2012,2012_Gov-G_MT,MT,Gov-G,0.500879393875639,0.499120606124361,0.5081047381546134,0.4918952618453865
373,2012,2012_Gov-G_NC,NC,Gov-G,0.4458994761324539,0.554100523867546,0.4417986714358712,0.5582013285641287
374,2012,2012_Gov-G_ND,ND,Gov-G,0.3468520829338188,0.6531479170661811,0.3522225644184376,0.6477774355815625
375,2012,2012_Gov-G_NH,NH,Gov-G,0.52361923935158206,0.47638076064841794,0.5622361783177185,0.4377638216822815
376,2012,2012_Gov-G_UT,UT,Gov-G,0.25806451612903225,0.7419354838709677,0.2873215959995833,0.7126784040004167
377,2012,2012_Gov-G_WA,WA,Gov-G,0.5095347354428101,0.4904652645571899,0.5154,0.48460000000000003
378,2012,2012_Gov-G_WI,WI,Gov-G,0.46375375000313745,0.5362462499968625,0.4658016495674915,0.5341983504325085
379,2012,2012_Sen-G_AZ,AZ,Sen-G,0.46995908082753274,0.5300409191724672,0.48416194671701274,0.5158380532829872
380,2012,2012_Sen-G_CA,CA,Sen-G,0.6003181870635372,0.39968181293646277,0.6252,0.37479999999999997
381,2012,2012_Sen-G_CT,CT,Sen-G,0.5267128500397249,0.4732871499602751,0.5600163448769027,0.43998365512309734
382,2012,2012_Sen-G_FL,FL,Sen-G,0.5426693787464365,0.45733062125356355,0.5666940283193105,0.4333059716806895
383,2012,2012_Sen-G_HI,HI,Sen-G,0.590435164371226,0.4095648356287741,0.626,0.374
384,2012,2012_Sen-G_IN,IN,Sen-G,0.5273357140533702,0.4726642859466298,0.5303720979539913,0.4696279020460087
385,2012,2012_Sen-G_MA,MA,Sen-G,0.5159244038331623,0.48407559616683765,0.5377764435104573,0.4622235564895426
386,2012,2012_Sen-G_MD,MD,Sen-G,0.637837721443208,0.36216227855679195,0.6801117725671242,0.3198882274328757
387,2012,2012_Sen-G_MI,MI,Sen-G,0.5635887371510871,0.43641126284891285,0.6075635461872287,0.3924364538127712
388,2012,2012_Sen-G_MN,MN,Sen-G,0.6688065789292075,0.3311934210707926,0.6811821219715957,0.31881787802840433
389,2012,2012_Sen-G_MO,MO,Sen-G,0.5313828797856825,0.4686171202143174,0.5835817717206133,0.4164182282793867
390,2012,2012_Sen-G_MT,MT,Sen-G,0.5037129288814027,0.4962870711185974,0.5199058219178082,0.4800941780821918
391,2012,2012_Sen-G_ND,ND,Sen-G,0.5001857722681629,0.49981422773183715,0.5045198875050221,0.49548011249497786
392,2012,2012_Sen-G_NE,NE,Sen-G,0.4457489833887819,0.5542510166112181,0.42229999999999995,0.5777
393,2012,2012_Sen-G_NJ,NJ,Sen-G,0.5923981664103425,0.40760183358965746,0.5990023414435509,0.40099765855644914
394,2012,2012_Sen-G_NM,NM,Sen-G,0.5395630389465331,0.460436961053467,0.5297538685221727,0.47024613147782746
395,2012,2012_Sen-G_NV,NV,Sen-G,0.47806929486540084,0.5219307051345992,0.49359682049017445,0.5064031795098255
396,2012,2012_Sen-G_NY,NY,Sen-G,0.6942121596668055,0.30578784033319467,0.7327446203816484,0.2672553796183516
397,2012,2012_Sen-G_OH,OH,Sen-G,0.5250327073476719,0.474967292652328,0.5314465408805031,0.46855345911949686
398,2012,2012_Sen-G_PA,PA,Sen-G,0.5318342647583539,0.4681657352416462,0.5462962962962963,0.4537037037037037
399,2012,2012_Sen-G_RI,RI,Sen-G,0.625,0.37499999999999994,0.6495289637201844,0.3504710362798156
400,2012,2012_Sen-G_TN,TN,Sen-G,0.30954651075796447,0.6904534892420355,0.31909758656873033,0.6809024134312697
401,2012,2012_Sen-G_TX,TX,Sen-G,0.3892839675687827,0.6107160324312173,0.4184177997527812,0.5815822002472189
402,2012,2012_Sen-G_UT,UT,Sen-G,0.29213483146067415,0.7078651685393258,0.3146185328995697,0.6853814671004302
403,2012,2012_Sen-G_VA,VA,Sen-G,0.5103869952311167,0.48961300476888336,0.5296003205449263,0.47039967945507366
404,2012,2012_Sen-G_WA,WA,Sen-G,0.6001664352539191,0.3998335647460809,0.6045,0.39549999999999996
405,2012,2012_Sen-G_WI,WI,Sen-G,0.5014950062042336,0.4985049937957663,0.5285288372571193,0.47147116274288065
406,2013,2013_Gov-G_NJ,NJ,Gov-G,0.3672673670199474,0.6327326329800526,0.3877426567740624,0.6122573432259376
407,2013,2013_Gov-G_VA,VA,Gov-G,0.5445142892382612,0.45548571076173877,0.5135513013551302,0.4864486986448699
408,2013,2013_Sen-GS_MA,MA,Sen-G,0.5471262377117083,0.4528737622882917,0.5513078470824949,0.448692152917505
409,2013,2013_Sen-GS_NJ,NJ,Sen-G,0.5681932546633973,0.43180674533660274,0.5551169146674765,0.4448830853325235
410,2014,2014_Gov-G_AL,AL,Gov-G,0.2840909090909091,0.7159090909090909,0.36312625250501,0.6368737474949899
411,2014,2014_Gov-G_AR,AR,Gov-G,0.4567080157291132,0.5432919842708868,0.42804085422469823,0.5719591457753017
412,2014,2014_Gov-G_AZ,AZ,Gov-G,0.4517723033556103,0.5482276966443896,0.4378292939936775,0.5621707060063225
413,2014,2014_Gov-G_CA,CA,Gov-G,0.6012543524039325,0.39874564759606734,0.5997,0.4003
414,2014,2014_Gov-G_CO,CO,Gov-G,0.5025033023726618,0.49749669762733817,0.5175853018372704,0.4824146981627297
415,2014,2014_Gov-G_CT,CT,Gov-G,0.505361914374952,0.494638085625048,0.5129942360198201,0.48700576398018003
416,2014,2014_Gov-G_FL,FL,Gov-G,0.5029647208796586,0.4970352791203413,0.4943808423484928,0.5056191576515071
417,2014,2014_Gov-G_GA,GA,Gov-G,0.4780605033895429,0.5219394966104571,0.4597418561770129,0.5402581438229871
418,2014,2014_Gov-G_HI,HI,Gov-G,0.6136254882668946,0.3863745117331055,0.5714781000808968,0.42852189991910317
419,2014,2014_Gov-G_IA,IA,Gov-G,0.41433067847057525,0.5856693215294247,0.3871805526698525,0.6128194473301475
420,2014,2014_Gov-G_ID,ID,Gov-G,0.4259147899357691,0.5740852100642309,0.4187031606386445,0.5812968393613556
421,2014,2014_Gov-G_IL,IL,Gov-G,0.5156026955911843,0.4843973044088157,0.47971434485613745,0.5202856551438626
422,2014,2014_Gov-G_KS,KS,Gov-G,0.5084746778682029,0.491525322131797,0.48077123501823865,0.5192287649817613
423,2014,2014_Gov-G_MA,MA,Gov-G,0.4857144705210591,0.5142855294789409,0.49020433958289444,0.5097956604171056
424,2014,2014_Gov-G_MD,MD,Gov-G,0.5185089733969568,0.48149102660304327,0.4807692307692308,0.5192307692307693
425,2014,2014_Gov-G_ME,ME,Gov-G,0.5006941485955806,0.4993058514044193,0.47373020207536864,0.5262697979246314
426,2014,2014_Gov-G_MI,MI,Gov-G,0.4955862181213258,0.50441378187867425,0.4792391082020863,0.5207608917979137
427,2014,2014_Gov-G_MN,MN,Gov-G,0.5426876401412607,0.4573123598587392,0.529393106364982,0.47060689363501795
428,2014,2014_Gov-G_NE,NE,Gov-G,0.3888888888888889,0.6111111111111112,0.4070346544926333,0.5929653455073667
429,2014,2014_Gov-G_NH,NH,Gov-G,0.5306540131825119,0.4693459868174881,0.52474949899799594,0.475250501002004
430,2014,2014_Gov-G_NM,NM,Gov-G,0.42578063399117005,0.5742193660088301,0.4278,0.5722
431,2014,2014_Gov-G_NV,NV,Gov-G,0.345679012345679,0.654320987654321,0.252805420283718,0.747194579716282
432,2014,2014_Gov-G_NY,NY,Gov-G,0.6367644974847031,0.36323550251529685,0.5738642380599385,0.4261357619400614
433,2014,2014_Gov-G_OH,OH,Gov-G,0.3772500449176753,0.6227499550823248,0.341677873176787,0.658322126823213
434,2014,2014_Gov-G_OK,OK,Gov-G,0.45454545454545453,0.5454545454545454,0.42356951043172897,0.576430489568271
435,2014,2014_Gov-G_OR,OR,Gov-G,0.5548513513560819,0.4451486486439182,0.5306317804722399,0.46936821952776003
436,2014,2014_Gov-G_PA,PA,Gov-G,0.5537777932511966,0.44622220674880353,0.5493,0.4507
437,2014,2014_Gov-G_RI,RI,Gov-G,0.5421590014675693,0.45784099853243065,0.5289836236028075,0.4710163763971927
438,2014,2014_Gov-G_SD,SD,Gov-G,0.3193358092188511,0.6806641907811489,0.2651720542231491,0.7348279457768508
439,2014,2014_Gov-G_TX,TX,Gov-G,0.41304347826086957,0.5869565217391305,0.3962514006315575,0.6037485993684425
440,2014,2014_Gov-G_VT,VT,Gov-G,0.573170731707317,0.4268292682926829,0.5068882571616007,0.49311174283839926
441,2014,2014_Gov-G_WI,WI,Gov-G,0.49036417627902856,0.5096358237209715,0.471320182094082,0.5286798179059181
442,2014,2014_Sen-G_AK,AK,Sen-G,0.49281873053872677,0.5071812694612732,0.4886448448661905,0.5113551551338096
443,2014,2014_Sen-G_AR,AR,Sen-G,0.4652119896350533,0.5347880103649467,0.41102887522151565,0.5889711247784842
444,2014,2014_Sen-G_CO,CO,Sen-G,0.4896712259241035,0.5103287740758965,0.48973110311242846,0.5102688968875715
445,2014,2014_Sen-G_DE,DE,Sen-G,0.6,0.4,0.5693452987966551,0.43065470120334487
446,2014,2014_Sen-G_GA,GA,Sen-G,0.48799099644129623,0.5120090035587037,0.46085626911314986,0.5391437308868502
447,2014,2014_Sen-G_IA,IA,Sen-G,0.49085559759723196,0.509144402402768,0.45649906113081573,0.5435009388691843
448,2014,2014_Sen-G_ID,ID,Sen-G,0.3296703296703297,0.6703296703296704,0.3467,0.6533
449,2014,2014_Sen-G_IL,IL,Sen-G,0.5567082107098831,0.4432917892901169,0.5564214463840399,0.4435785536159601
450,2014,2014_Sen-G_KY,KY,Sen-G,0.46036971573809454,0.5396302842619054,0.42018367557527603,0.579816324424724
451,2014,2014_Sen-G_MA,MA,Sen-G,0.6041138931498917,0.3958861068501082,0.6196294441662494,0.3803705558337506
452,2014,2014_Sen-G_ME,ME,Sen-G,0.3760341602253149,0.623965839774685,0.3151260504201681,0.6848739495798319
453,2014,2014_Sen-G_MI,MI,Sen-G,0.567072680253537,0.43292731974646304,0.5692099228684595,0.43079007713154055
454,2014,2014_Sen-G_MN,MN,Sen-G,0.5580600633615798,0.44193993663842013,0.5533000208203206,0.4466999791796793
455,2014,2014_Sen-G_MS,MS,Sen-G,0.358974358974359,0.6410256410256411,0.3874629307700174,0.6125370692299826
456,2014,2014_Sen-G_MT,MT,Sen-G,0.41651517888760775,0.5834848211123923,0.4094624974453301,0.59053750255467
457,2014,2014_Sen-G_NC,NC,Sen-G,0.5052550997797931,0.4947449002202069,0.4918817651956703,0.5081182348043297
458,2014,2014_Sen-G_NE,NE,Sen-G,0.33707865168539325,0.6629213483146067,0.3286027340081394,0.6713972659918607
459,2014,2014_Sen-G_NH,NH,Sen-G,0.508822860195751,0.49117713980424904,0.5163038025484098,0.48369619745159026
460,2014,2014_Sen-G_NJ,NJ,Sen-G,0.5798123701336078,0.42018762986639224,0.5688092085158399,0.4311907914841601
461,2014,2014_Sen-G_NM,NM,Sen-G,0.5552914534955545,0.44470854650444536,0.5556,0.44439999999999996
462,2014,2014_Sen-G_OK,OK,Sen-G,0.30460645782796636,0.6953935421720336,0.29567108533554265,0.7043289146644574
463,2014,2014_Sen-G_OR,OR,Sen-G,0.59970023426324,0.40029976573675996,0.6018358531317495,0.3981641468682505
464,2014,2014_Sen-G_RI,RI,Sen-G,0.7647058823529412,0.23529411764705888,0.7070019032355004,0.29299809676449967
465,2014,2014_Sen-G_SC,SC,Sen-G,0.3869640423368773,0.6130359576631227,0.41676518001074686,0.5832348199892531
466,2014,2014_Sen-G_SD,SD,Sen-G,0.4079839723685808,0.5920160276314191,0.3694291437155734,0.6305708562844267
467,2014,2014_Sen-G_TN,TN,Sen-G,0.37336954158755925,0.6266304584124407,0.3399829315126947,0.6600170684873053
468,2014,2014_Sen-G_TX,TX,Sen-G,0.3764897260055012,0.623510273994499,0.35821517931609675,0.6417848206839033
469,2014,2014_Sen-G_VA,VA,Sen-G,0.5464438306984661,0.45355616930153375,0.5041542722330494,0.49584572776695046
470,2014,2014_Sen-G_WV,WV,Sen-G,0.37777777777777777,0.6222222222222222,0.356802650652309,0.643197349347691
471,2014,2014_Sen-G_WY,WY,Sen-G,0.2872340425531915,0.7127659574468085,0.19466755912539044,0.8053324408746095
472,2014,2014_Sen-GR_LA,LA,Sen-G,0.4152993988684911,0.5847006011315089,0.4407,0.5593
473,2014,2014_Sen-GS_HI,HI,Sen-G,0.7328876428620408,0.26711235713795933,0.715809992818303,0.2841900071816969
474,2014,2014_Sen-GS_OK,OK,Sen-G,0.3190177520257346,0.6809822479742653,0.2992874109263658,0.7007125890736342
475,2014,2014_Sen-GS_SC,SC,Sen-G,0.3356108585284732,0.6643891414715268,0.3776601160777925,0.6223398839222074
476,2015,2015_Gov-G_KY,KY,Gov-G,0.518544683175759,0.4814553168242411,0.4547908232118758,0.5452091767881241
477,2015,2015_Gov-G_MS,MS,Gov-G,0.2978723404255319,0.7021276595744682,0.3269796208050289,0.673020379194971
478,2015,2015_Gov-GR_LA,LA,Gov-G,0.5585918376725592,0.44140816232744073,0.5611,0.4389
479,2016,2016_Gov-G_DE,DE,Gov-G,0.5963395240529336,0.4036604759470665,0.5982362592288761,0.4017637407711238
480,2016,2016_Gov-G_IN,IN,Gov-G,0.5156481488734487,0.4843518511265513,0.46921487603305784,0.5307851239669421
481,2016,2016_Gov-G_MO,MO,Gov-G,0.5085493621204427,0.49145063787955745,0.4712025643676972,0.5287974356323027
482,2016,2016_Gov-G_MT,MT,Gov-G,0.5104258411019118,0.48957415889808814,0.5201324914605113,0.4798675085394887
483,2016,2016_Gov-G_NC,NC,Gov-G,0.5307253892797413,0.46927461072025867,0.5011245144142303,0.4988754855857698
484,2016,2016_Gov-G_ND,ND,Gov-G,0.2833977427677891,0.7166022572322109,0.20216869982275051,0.7978313001772495
485,2016,2016_Gov-G_NH,NH,Gov-G,0.5271585250776639,0.47284147492233597,0.48810397232994446,0.5118960276700556
486,2016,2016_Gov-G_OR,OR,Gov-G,0.5654007900003847,0.43459920999961527,0.5381099181460615,0.4618900818539386
487,2016,2016_Gov-G_UT,UT,Gov-G,0.36924168550289127,0.6307583144971087,0.3010054461667365,0.6989945538332635
488,2016,2016_Gov-G_VT,VT,Gov-G,0.4861324845564301,0.51386751544357,0.4549855789039967,0.5450144210960033
489,2016,2016_Gov-G_WA,WA,Gov-G,0.5597205916037193,0.44027940839628066,0.5439141768598356,0.4560858231401644
490,2016,2016_Gov-G_WV,WV,Gov-G,0.45429317701962396,0.5457068229803761,0.5371484845169056,0.4628515154830944
491,2016,2016_Sen-G_AL,AL,Sen-G,0.3879338037359053,0.6120661962640948,0.3593108284082941,0.6406891715917059
492,2016,2016_Sen-G_AR,AR,Sen-G,0.42005621134144683,0.5799437886585532,0.37700646237231605,0.6229935376276841
493,2016,2016_Sen-G_AZ,AZ,Sen-G,0.4579222989323081,0.5420777010676918,0.43139953419436794,0.568600465805632
494,2016,2016_Sen-G_CO,CO,Sen-G,0.535895969654253,0.4641040303457471,0.5300169707254985,0.46998302927450153
495,2016,2016_Sen-G_CT,CT,Sen-G,0.6442546703868884,0.3557453296131115,0.6460484613025252,0.35395153869747464
496,2016,2016_Sen-G_FL,FL,Sen-G,0.4836462484916305,0.5163537515083695,0.4601723958874235,0.5398276041125766
497,2016,2016_Sen-G_GA,GA,Sen-G,0.4504577098104976,0.5495422901895023,0.42824339839265213,0.5717566016073479
498,2016,2016_Sen-G_HI,HI,Sen-G,0.7261977418370461,0.27380225816295395,0.7679465776293823,0.2320534223706177
499,2016,2016_Sen-G_IA,IA,Sen-G,0.3948566417297309,0.6051433582702691,0.37242819843342034,0.6275718015665797
500,2016,2016_Sen-G_ID,ID,Sen-G,0.36991458778548975,0.6300854122145102,0.2954400170466652,0.7045599829533347
501,2016,2016_Sen-G_IL,IL,Sen-G,0.5887170936491078,0.41128290635089215,0.5796703296703296,0.42032967032967034
502,2016,2016_Sen-G_IN,IN,Sen-G,0.4617520936563589,0.5382479063436411,0.4486881083368599,0.5513118916631401
503,2016,2016_Sen-G_KS,KS,Sen-G,0.3653798339153223,0.6346201660846776,0.341453081974158,0.658546918025842
504,2016,2016_Sen-G_KY,KY,Sen-G,0.4638516984484549,0.536148301551545,0.4272427242724272,0.5727572757275727
505,2016,2016_Sen-G_MD,MD,Sen-G,0.6635297918959582,0.33647020810404193,0.6305923777961889,0.3694076222038111
506,2016,2016_Sen-G_MO,MO,Sen-G,0.5021920149737439,0.49780798502625606,0.48540336925813543,0.5145966307418647
507,2016,2016_Sen-G_NC,NC,Sen-G,0.5029838654388293,0.49701613456117066,0.4704967333817276,0.5295032666182723
508,2016,2016_Sen-G_ND,ND,Sen-G,0.24651257535733076,0.7534874246426693,0.17778941854374017,0.8222105814562598
509,2016,2016_Sen-G_NH,NH,Sen-G,0.5081791094198972,0.49182089058010287,0.5007305364224588,0.4992694635775413
510,2016,2016_Sen-G_NV,NV,Sen-G,0.5159908178499493,0.4840091821500509,0.5132396207911082,0.48676037920889176
511,2016,2016_Sen-G_NY,NY,Sen-G,0.731859370228069,0.26814062977193104,0.7221028945484299,0.27789710545157004
512,2016,2016_Sen-G_OH,OH,Sen-G,0.4086543752669906,0.5913456247330094,0.3903771404559302,0.6096228595440698
513,2016,2016_Sen-G_OK,OK,Sen-G,0.37556102651260903,0.624438973487391,0.2662478336221837,0.7337521663778163
514,2016,2016_Sen-G_OR,OR,Sen-G,0.6606483369802877,0.3393516630197124,0.6292384658143413,0.3707615341856587
515,2016,2016_Sen-G_PA,PA,Sen-G,0.5161843984016216,0.48381560159837855,0.4925606076370825,0.5074393923629175
516,2016,2016_Sen-G_SC,SC,Sen-G,0.3968959073645133,0.6031040926354868,0.37876923076923075,0.6212307692307693
517,2016,2016_Sen-G_SD,SD,Sen-G,0.3457492783334801,0.65425072166652,0.2817,0.7182999999999999
518,2016,2016_Sen-G_UT,UT,Sen-G,0.3248784170787884,0.6751215829212116,0.28421384308370967,0.7157861569162903
519,2016,2016_Sen-G_VT,VT,Sen-G,0.7315718542002096,0.2684281457997903,0.6496977410117722,0.35030225898822787
520,2016,2016_Sen-G_WI,WI,Sen-G,0.5060467354388214,0.49395326456117855,0.48267684058568777,0.5173231594143122
521,2016,2016_Sen-GR_LA,LA,Sen-G,0.4004207640134635,0.5995792359865365,0.3935,0.6065
522,2016,2016_Sen-GR_WA,WA,Sen-G,0.6045931919301507,0.3954068080698493,0.590129401143545,0.409870598856455
523,2017,2017_Gov-G_NJ,NJ,Gov-G,0.5827943568099276,0.41720564319007236,0.5721586263286998,0.42784137367130004
524,2017,2017_Gov-G_VA,VA,Gov-G,0.5205771738070453,0.4794228261929547,0.545160311520178,0.454839688479822
525,2017,2017_Sen-GS_AL,AL,Sen-G,0.48650122399485246,0.5134987760051475,0.5082901027362424,0.4917098972637575
526,2018,2018_Gov-G_AL,AL,Gov-G,0.3679624944056364,0.6320375055943636,0.4044044044044044,0.5955955955955956
527,2018,2018_Gov-G_AR,AR,Gov-G,0.31570529261334196,0.6842947073866581,0.3274974253347065,0.6725025746652935
528,2018,2018_Gov-G_FL,FL,Gov-G,0.5195918337374055,0.48040816626259464,0.4979757085020243,0.5020242914979757
529,2018,2018_Gov-G_GA,GA,Gov-G,0.4942504498516096,0.5057495501483903,0.4929292929292929,0.5070707070707071
530,2018,2018_Gov-G_MD,MD,Gov-G,0.40482867921014887,0.5951713207898511,0.43983822042467136,0.5601617795753285
531,2018,2018_Gov-G_OK,OK,Gov-G,0.4798850878117759,0.5201149121882241,0.4373056994818653,0.5626943005181347
532,2018,2018_Gov-G_SC,SC,Gov-G,0.40238334680142585,0.5976166531985742,0.45945945945945943,0.5405405405405405
533,2018,2018_Gov-G_TN,TN,Gov-G,0.42551580596773103,0.574484194032269,0.39245667686034663,0.6075433231396534
535,2018,2018_Sen-G-VA,VA,Sen-G,0.5859982608690244,0.41400173913097554,0.5816326530612245,0.41836734693877553
536,2018,2018_Sen-G_DE,DE,Sen-G,0.6514413811696805,0.3485586188303194,0.6134969325153374,0.38650306748466257
538,2018,2018_Sen-G_MD,MD,Sen-G,0.71071034666493,0.28928965333506995,0.6817226890756303,0.3182773109243697
539,2018,2018_Sen-G_MS,MS,Sen-G,0.4406983461897525,0.5593016538102474,0.4030612244897959,0.5969387755102041
541,2018,2018_Sen-G_TX,TX,Sen-G,0.41063487359191786,0.5893651264080821,0.4868951612903226,0.5131048387096775
542,2018,2018_Sen-G_WV,WV,Sen-G,0.537477112087732,0.4625228879122679,0.5172054223149114,0.4827945776850886
